Author,ID
Jieyu Ding,2081923667
Qiusi Sun,47632726
Jingwen Zhang,47132201
Mahmoudreza Babaei,1818176
Juhi Kulshrestha,2709512
Abhijnan Chakraborty,2676839
Elissa M,102544229
Alexandre Bovet,40685732
Hernan Makse,146086915
Ziv Epstein,4615706
Mohsen Mosleh,79792994
Antonio Arechar,9549601
Gordon Pennycook,2998138
David Rand,144221261
Gustavo Jota Resende,1402231354
Philipe Melo,40594032
Hugo Sousa,2148467633
Johnnatan Messias,2066045434
Marisa Vasconcelos,2632256
Jussara Almeida,47288524
Fabrício Benevenuto,1869561
Kangsan Lee,2115496186
Jaehyuk Park,147016125
Yong-Yeol Ahn,No Search Result
Milan Janosov,51301358
Federico Battiston,2332167
Gerardo Iñiguez,2046254318
Federico Musciotto,8008695
Sophie Cho,1387727781
Michael Mauskapf,2229215
Susumu Nagayama,2060386071
Hitoshi Mitsuhashi,49713298
Ramona Roller,40199958
Frank Schweitzer,1733303
Chao Min,1752092
Yi Bu,82832669
Jianjun Sun,2145750848
Ying Ding,2207163
Frank van der Wouden,2117664415
Gianluca Carnabuci,2164871
Hyejin Youn,1783512
George Richardson,145399281
Juan Mateos-Garcia,No Search Result
Milad Abbasiharofteh,134345742
Tom Broekel,120578616
Benjamin Meindl,2080374433
Morgan R,47921254
Jacob Miller,2118098709
David Gefen,1736324
Kai Larsen,145798484
Vadake Narayanan,2118504953
Eszter Bokanyi,No Search Result
Aniko Hannak,46886279
Tarik Roukny,4342578
Benjamin Vandermarliere,3164658
Milan van den Heuvel,144811646
Koen Schoors,11042363
Yannick Léo,119821587
Eric Fleury,66813876
Carlos Sarraute,2064505395
Márton Karsai,2698329
Jaime Oliver,39740006
Marta Rivera-Alba,No Search Result
Diego Pérez,145240198
Antonio Molins,133632719
Edgar Morales Ramírez,70026185
Ricardo Buera Corchón,147889974
Judith Kas,1439702795
Rense Corten,49201881
Arnout van de Rijt,1749578
Marc Keuschnigg,145938210
Joris Broere,4130953
Vincent Buskens,2188748
Henk Stoof,6636071
Angel Sánchez,2109843111
Pradip Swarnakar,3436434
Satyam Mukherjee,40577876
Hendrik Nunner,87000325
Chris Janssen,49164724
Wojtek Przepiorka,48132375
Yan Leng,143611031
Xiaowen Dong,9342947
Alex Pentland,2069315974
Daniele Guariso,122195930
Omar Guerrero,145972803
Ulrich Matter,121896523
Joseph D,71227888
Manoel Horta Ribeiro,147915826
Kristina Gligoric,2127081453
Robert West,145655675
Chico Camargo,35618632
Scott Hale,115386309
Balazs Lengyel,102366016
Riccardo Di Clemente,7960003
János Kertész,2207387183
Marta González,47342599
Ronald Robertson,79993172
Christo Wilson,2111228581
David Lazer,3185333
Lorien Jasny,2575649
Dana Fisher,2478983
Philip Leifeld,9997588
Tim Henrichsen,123240682
Stiene Praet,107583198
Peter Van Aelst,147764309
David Martens,144166108
Quinten Meertens,68976104
Arnout van Delden,144781813
Sander Scholtus,2068430565
Frank Takes,2131145555
Emre Calisir,52164217
Marco Brambilla,47930228
No presentation (cancelled),No Search Result
Bedoor Alshebli,2446400
Talal Rahwan,1775071
Wei Lee Woon,2107408459
Aliakbar Akbaritabar,2128916708
Flaminio Squazzoni,1744513
Kinga Makovi,3237368
Jichao Li,2090820194
Yian Yin,2173159409
Santo Fortunato,2066014855
Dashun Wang,1490970698
Lu Liu,2145288227
Yang Wang,2146020957
Roberta Sinatra,47399811
C,2176024241
Zijian Wang,2117424175
David Adelani,2518906
Przemyslaw Grabowicz,1907673
Timo Hartmann,31429564
Fabian Flöck,66042341
David Jurgens,3046220
Thomas Baudin,2074978621
Robert Stelter,33978150
Daniel Ciganda,9820990
Nicolas Todd,2023811474
Ravi Bhavnani,1837968
Karsten Donnay,2488381
Mirko Reul,1395103544
Abigail Horn,3937517
Hanno Friedrich,40361521
Kayla de la Haye,8912718
Dmitry Zinoviev,2082578902
Gary Fireman,145795997
Spencer Hommel,1716200814
No presentation: Ming Yin,No Search Result
Duncan Watts,2059772133
Marco De Nadai,151467651
Angelo Cardoso,2053039226
Antonio Lima,2072824108
Bruno Lepri,49305855
Nuria Oliver,2060131580
Alexandra Olteanu,30695829
Fernando Diaz,145472316
Gabriella Kazai,1688470
Luke Stark,2059052658
Mohamed Musbah,145489646
Maria Bolsinova,6171460
Matthieu Brinkhuis,47369965
Abe Hofman,32172711
Han van der Maas,70471077
Gunter Maris,2897109
Sanja Hajdinjak,107795856
Marcella Morris,40196311
Tyler Amos,1506812383
Anna Shirokanova,41127197
Olga Silyutina,116693203
Johannes Wachs,39748526
Taha Yasseri,1985987
Janos Kertesz,2064780005
Isak Ladegaard,66824667
Anna Di Natale,7933719
David Garcia,2150290128
Kiran Garimella,2005765789
Ashton Anderson,32071555
Felix Victor Münch,101726506
Ben Thies,153451463
Cornelius Puschmann,70224648
Axel Bruns,84289130
Jan Overgoor,2943419
Bogdan State,2632078
Lada Adamic,1778398
Alexander Robertson,2070173005
Walid Magdy,145784687
Sharon Goldwater,1991315
Jisun An,150906346
Gianmarco De Francisci Morales,35168570
Haewoon Kwak,2592694
Yelena Mejova,3329961
Adam Pah,3461693
John Hagan,2071242659
Luis Amaral,145380546
Johannes Gruber,2060423233
Erdem Yörük,133934946
Ali Hürriyetoğlu,79828215
Çağrı Yoltar,80442103
Fırat Duruşan,1912123157
Amit Sharma,2109647303
Jake Hofman,40368603
No presentation: Youyou Wu,No Search Result
Yang Yang,2152916230
Brian Uzzi,1838478
Forough Poursabzi-Sangdeh,No Search Result
Dan Goldstein,2054694496
Jennifer Wortman Vaughan,147171110
Hanna Wallach,1831395
Jessica Hullman,3159918
Chung-Hong Chan,No Search Result
Joseph Bajjalieh,113404529
Loretta Auvil,144526907
Hartmut Wessler,3165804
Scott Althaus,3642680
Kasper Welbers,2065672229
Wouter van Atteveldt,1656681148
Nitin Bhushan,117386123
Laura Bringmann,1935592
Casper Albers,2165057893
Linda Steg,2071682401
Ching Jin,2108459775
Chaoming Song,2116052969
Johannes Bjelland,49367064
Geoffrey Canright,2971386
Yohsuke Murase,2917718
Janos Török,48075419
Hang-Hyun Jo,No Search Result
Kimmo Kaski,145670814
Alexandru-Ionut Babeanu,No Search Result
Jorinde van de Vis,31473146
Diego Garlaschelli,2322015
Ivan Garibay,1769316
Madeline Schiappa,1470726743
Georgios Anagnostopoulos,31443823
Christina Bouwens,49140204
Stephen M,145627416
Martin Hilbert,144212002
Dirk Van Rooy,1422561553
Dimitrios Milioris,2065563176
Marc-Etienne Brunet,No Search Result
Richard Zemel,1804104
Philippa Shoemark,2132856
Farhana Ferdousi Liza,3445542
Dong Nguyen,1490777841
Barbara McGillivray,2381040
Zoltán Kmetty,3803776
Júlia Koltai,144377755
Tamás Rudas,1884131
David Rozado,46787843
Ivan Smirnov,2086178147
Lukas Fervers,2102720733
Janina Beckmann,143771423
Joachim Piepenburg,2120926430
Marita Jacob,24502746
Takanori Nishida,5241662
Yoshiki Ishikawa,2067674647
Esteban Moro,37308372
Morgan Frank,47526637
Alex Rutherford,47193909
Manuel Cebrian,145512648
Iyad Rahwan,1705156
Hee Youn Kwon,86952290
Lijun Sun,2110717605
Cesar Hidalgo,50609891
Christos Nicolaides,39634853
Dean Eckles,1996878
William Cai,2113721197
Johan Ugander,144584024
Abhishek Samantray,52135517
Massimo Riccaboni,1953900
Tara Sowrirajan,118236823
Marcin Waniek,2681493
César Hidalgo,145781388
Aamena Alshamsi,6466660
Philipp Lorenz-Spreen,No Search Result
Bjarke Mørch Mønsted,103151696
Philipp Hövel,2426105
Sune Lehmann,2068824507
Cristian Candia Vallejos,No Search Result
Cristian Jara Figueroa,2067928556
Carlos Rodriguez Sickert,1403087742
Albert Laszlo Barabasi,1450871945
Rebekah Tromble,40944409
Charles Howland,118961615
David Rothschild,2064849037
Marcel Wittich,114544358
Jennifer Allen,49919119
Melissa Ellamil,144490412
Markus Mobius,2402406
Subhayan Mukerjee,117182555
Yuan Tian,1387677530
Adam Pah and Brian Uzzi,No Search Result
Stefan Wojcik,104763554
Shawnna Mullenax,123080639
Anna May,40570220
Gabor Bekes,1855575
Peter Barbrook-Johnson,No Search Result
Andrew King,46542224
Sait Bayrakdar,48640303
Ridhi Kashyap,144324702
Florianne Verkroost,123486018
Reham Al Tamime,1629739923
Masoomali Fatehkia,72339731
Ingmar Weber,1684687
Pasquale De Meo,1709372
Iacopo Pozzana,9952841
Ylli Prifti,1484253558
Alessandro Provetti,1785816
Theresa Gessler,104244453
Gergő Tóth,46278029
Ian Wood,2052846130
Yizhi Jing,47498987
Azadeh Nematzadeh,2477784
Souvik Ghosh,2155615304
Michael Conover,49479696
Laszlo Lorincz,2090510804
Brigitta Németh,31207842
Yerka Freire-Vidal,No Search Result
Eduardo Graells-Garrido,No Search Result
Jens Hainmueller,4600197
Avidit Acharya,144007353
Kirk Bansak,8074481
Alejandro Noriega Campero,31738766
Michiel Bakker,2052292782
Bernardo Garcia Bulle,2158671041
Lisa Merten,46736494
Nadia Metoui,2736883
Mykola Makhortykh,51428797
Damian Trilling,10721627
Judith Moeller,143636246
Daniele Romanini,3884733
Sune Lehmann Jørgensen,1406243356
Mikko Kivelä,51246162
Kai Zhou,117169377
Yevgeniy Vorobeychik,101872516
Tomasz P,93152057
Henry Smart Iii,No Search Result
Telmo Menezes,2833301
Camille Roth,123873301
George Vega Yon,66740041
Vincent Antonio Traag,2653499
Ludo Waltman,1765159
Nees Jan Van Eck,148295729
Edwin de Jonge,40492301
Jan van de Laan,No Search Result
Luca Maria Aiello,2905635
Sebastian Deri,48169121
Jérémie Rappaz,2075527036
Daniele Quercia,48236763
Davide Vega,1415151823
Matteo Magnani,2066561934
Lushi Chen,71774295
Maria Wolters,2033965
Isaac Waller,89922735
Daniel Larremore,2900564
Swapnil Gavade,114920877
Elizabeth Bruch,1816277
Nikolas Zöller,2196000615
Jonathan H,90832611
Florian Lemmerich,2101037
Diego Saez-Trumper,No Search Result
Leila Zia,2538277
Kokil Jaidka,2798221
Yphtach Lelkes,46567426
Pei Zhou,2087089789
Yupeng Gu,2116405252
Mason A,2054649297
David Schoch,31022255
Uma Maheswari Gollapudi,No Search Result
Rahul Arulkumaran,2008217410
Manikumar Perla,No Search Result
Sai Hitesh Jonnalagadda,No Search Result
Dr,2052149070
Marco Schmitt,153513009
Alina Vogelgesang,2079730487
Stella Neumann,2067089360
Oliver Hohlfeldt,No Search Result
Jennifer Fest,52429287
Helge Reelfs,35455751
Tian Yang,1920330996
(Moved to 3D Text Analysis) Ivan Smirnov,No Search Result
Alejandro Espinosa-Rada,No Search Result
Binglu Wang,30577839
James Evans,119694053
Muyang Li,134319547
Zhifan Luo,2114939813
Alina Arseniev-Koehler,No Search Result
Petter Törnberg,8554587
Adam Hughes,1441946106
Onyi Lam,145591072
Milena Tsvetkova,2142832956
Oana Vuculescu,40800578
Claudia Wagner,152984544
Yuan Yuan,1410123881
Fabrizio Germano,1907958
Gomez Vicenç,145810673
Gael Le Mens,2737894
Sandro Lera,14580412
Nate Dwyer,2072733252
Andreia Sofia Teixeira,144747175
Francisco C,31083356
Jeremy Burke,145521402
Ramon Gras,66396433
Oren Lederman,3365505
Sandy Pentland,1682773
Fiona Murray,46455367
Abigail Jacobs,119581298
Andrea Cavicchini,2128690482
Kyriacos Vitalis,No Search Result
George Pallis,1777051
Dimosthenis Stefanidis,1903191268
Nicos Nicolaou,2049671332
Marios Dikaiakos,32475436
Adina Nerghes,1453202301
Ju-Sung Lee,2108302924
Aleksandra Nenko,7288336
Marina Petrova,2122090855
Bernard Koch,5428313
Daniele Silvestro,3007123
Jacob G,2057368913
Nina Savela,51290625
Max Pellert,103932770
Atte Oksanen,2063998111
Marijn ten Thij,1997996309
Johan Bollen,102751334
Luis M,144314440
Bernard Rimé,2062873873
Flavio Pinheiro,144130084
Vítor V,2068705214
Simon Schweighofer,22446549
Fredrik Jansson,98378192
Pontus Strimling,2210775
Irina Vartanova,2085976718
Kimmo Eriksson,48367403
Akira Ishii,2062916957
Yasuko Kawahata,52521174
Samin Aref,34627491
Zachary Neal,2195694
Joseph Bak-Coleman,No Search Result
Joanna Sterling,2053644886
Chris Tokita,No Search Result
Daniel Rubenstein,123133635
Iain Couzin,3191663
Riccardo Gallotti,102430107
Manlio De Domenico,8311574
Yifang Ma,47009759
Ali Faqeeh,3028190
Filippo Radicchi,1730465
James Gleeson,2067402663
Lovro Šubelj,1698672
Shubhanshu Mishra,2112134877
Brent D,35876390
No presentation: Vincent Antonio Traag,No Search Result
Jonathan Bright,145935703
Christa Brelsford,3393419
Rudy Arthur,2111775566
Hywel Williams,34330454
Andrea Ballatore,1745451
Alexandra Pang,No Search Result
Lisette Espín-Noboa,No Search Result
Simon Walk,148363807
Markus Strohmaier,2066095952
Mark Musen,1680938
Vincenz Frey,2100981919
Jesse Shore,1447266398
Alice Jang,2044976791
Ethan Bernstein,2068522604
Kirill Martynov,2133817351
Niccolo Pescetelli,6050548
Gian Maria Campedelli,51040873
Gabriela Molina León,50292135
Hendrik Heuer,2056320904
Andreas Breiter,3251859
George Lifchits,2127075304
Daniel Goldstein,2084631489
Jakob Jünger,91167212
Aleksandra Urman,2153876524
Clara Christner,
Silke Adam,
Michaela Maier,
Sicheng Dai,
Hélène Bouchet,
Jean-Pierre Chevrot,
Aurelie Nardy,
No presentation: Eelke Heemskerk,
Dafne van Kuppevelt,
Takayuki Mizuno,
Mitsuhiro Odaka,
Dieter Wang,2048615647
Javier Garcia-Bernardo,No Search Result
Simone Centellegher,6673771
Giovanna Miritello,1743706
Daniel Villatoro,2255094
Devyani Parameshwar,52229695
Chathurani Senevirathna,1379485262
Chathika Gunaratne,145737978
Chathura Jayalath,1379485264
Nisha Baral,51044369
Frank Peter Pijpers,67047192
Martin Lukac,2053062565
André Grow,3306947
Aristides Gionis,1682878
Michael Mathioudakis,49105984
Eaman Jahani,3261461
Peter Krafft,2065790379
Yoshihiko Suhara,38844482
Gabriel Murray,2068874832
Sofia Dokuka,2572528
Zhen Zhu,2118933272
Bart Baesens,1720683
Xu Wang,2108600623
Yifan Qian,6326727
Pietro Panzarasa,2876837
Annie Haakenstad,7003557
Margaret McConnell,144597970
Stephane Verguet,5344473
Hannes Rosenbusch,116421788
Ilse Pit,112844935
Florian Wanders,117397683
Mi Jin Lee,47803829
Eun Lee,2149209228
Deok-Sun Lee,No Search Result
Sang Hoon Lee,2144568816
Jan Van Bavel,48686208
Valerie Hase,113149591
Kimon Kieslich,1490762459
Katherine Engelke,121976692
Jing Zeng,2072983494
Sjoerd Hooijmaaijers,No Search Result
Gert Buiten,103831391
Francesco Granella,2044828164
Jeroen Bruggeman,145372039
Philipp Kling,No Search Result
Andrew Rosenberg,46453660
Jan van der Laan,150165531
Anton Boichenko,1740991842
Yoosoon An,104772683
Huimin Xu,9127628
Lingfei Wu,2093306261
Cheng-Jun Wang,2109431438
Zachary Steinert-Threlkeld,No Search Result
Jungseock Joo,1834047
Toshiya Saito,40956113
Emily Bello-Pardo,No Search Result
Carly Knight,49182480
Jeff Lockhart,71377045
Stan Oklobdzija,119218337
Martijn Schoonvelde,73769674
Carsten Schwemmer,82463398
Alessandro Cossard,2078464034
Daniela Paolotti,2504674
Nicolas Cointe,3403045
Amineh Ghorbani,2064857882
Caspar Chorus,2699405
Nadezhda Sokolova,49594173
Mikhail Sokolov,2056097457
Alberto Sánchez-Carralero,No Search Result
Luis C. Reyes,49382924
Guy Laban,1490528902
Bianca Kang,1828761046
Ringo Ho,150126691
Ryo Hamawaki,121948009
Junichi Ozaki,65854572
Kiyoshi Izumi,1997555
Takashi Shimada,1568048881
Hiroyasu Matsushima,48285378
Hiroki Sakaji,83689730
Sahil Loomba,2142867041
Till Hoffmann,2055417378
Nick Jones,2071105981
Ákos Jakobi,2099717
Bence Ságvári,4870704
Daniela Gawehns,1860720135
Guida Veiga,47549224
Matthijs van Leeuwen,38870341
Elisa Oertel,1994685112
Peter Ejbye-Ernst,No Search Result
Marie Lindegaard,40136483
Wim Bernasco,2070779895
Maxime Stauffer,1400028044
Igor Krawczuk,49302440
Nora Ammann,80364483
Kieran Mepham,81865368
András Vörös,2058299940
Christoph Stadtfeld,2772997
Masanori Takano,2053028121
Fumiaki Taka,2144650010
Soichiro Morishita,2857520
Tomosato Nishi,116586615
Yuki Ogawa,46806544
Jeroen van Den Ochtend,2169548289
Raluca Gui,123542920
Markus Meierer,7147206
René Algesheimer,2072427
Adrien Benamira,1418098184
Benjamin Devillers,1415110072
Etienne Lesot,1418100032
Ayush K. Rai,2053981547
Manal Saadi,1412752599
Fragkiskos Malliaros,2817467
Lorena Cano-Orón,No Search Result
Dimitra Liotsiou,7994350
Philip Howard,2052431494
Martyn Harris,21368654
Mark Levene,143716988
Dan Levene,2081997504
Dell Zhang,2109955445
Jianjian Gao,2202612309
Caterina Gennaioli,31270684
Guanghua Chi,11299276
Joshua Blumenstock,2314259
Neda Paryab,2441472
Alexander Sachs,2076919522
Andrew Li,2052191451
Meiyappan Nagappan,7274019
Jesse Hoey,50687524
Javier Alvarez-Galvez,No Search Result
Victor Suarez-Lledo,No Search Result
Dhruv Sapra,No Search Result
Aniket Alam,33913983
Evgenia Dolgova,48629988
Zuzana Sasovova,10191555
Michaela Schippers,46710132
Alexandre Leroux,37756512
Matteo Gagliolo,3318461
Abeer Aldayel,3449027
Frederico Francisco,90039686
Joana Gonçalves-Sá,No Search Result
Radim Hladik,51029387
Peter Davis,40113754
Roy Lay-Yee,No Search Result
Chunying Wen,122608810
Ming Xiao,37172342
Xin Sui,49814980
Yimeng Yang,2108777102
Renáta Németh,49847221
Domonkos Sik,104404100
Fanni Máté,2121983331
Eszter Katona,1405590382
Arseny Rasov,No Search Result
Viacheslav A. Shibaev,No Search Result
Ivan Yamshchikov,3380587
Anne Cornelia Kroon,21467751
Antske Fokkens,1411234229
Felicia Loecherbach,66124729
Mariken A.C.G. van der Velden,1752616381
Wouter Van Atteveldt,1656681148
Itto Kornecki,1668875426
Nuno Araujo,118564918
Trivik Verma,3305606
Yuki M. Asano,47792365
Gesa Biermann,91032827
Alfredo Morales,145618126
Dan Calacci,2136708
Daniel C. Fehder,7382384
Vsevolod Suschevskiy,79851419
Ilya Musabirov,71229733
Denis Bulygin,71787654
Ekaterina Marchenko,152871533
Diego Fregolente Mendes de Oliveira,
Kevin S. Chan,46998035
Dániel Kondor,73456522
Gabor Vattay,1741175
Douglas Guilbeault,27558311
Joshua Becker,2103420853
Samuel Woolley,32822615
Luca Verginer,51965804
Xiancheng Li,3663418
Sébastien Lerique,2066992265
Demetris Avraam,47960435
"Christos Nicolaides,Luis Cueto-Felgueroso",No Search Result
Marta C. Gonzalez,117414490
Ruben Juanes,2180879
Aleksandra Aloric,3499140
Allison Morgan,15756426
Zohar Neu,103738205
Andrea Santoro,145462309
Masashi Miura,97510751
Haruhiko Maenami,98234305
Shingo Takahashi,2110723862
Jianliang Yang,79695806
Lin Wang,2144735459
Chenghua Guan,35989740
Xiangfei Yuan,2097080967
Alicia Eads,40454144
Alexandra Schofield,2064372444
Fauna Mahootian,2091697787
David Mimno,38917723
and Rens Wilderom,No Search Result
Qiankun Zhong,35466212
Seth Frey,2055409262
Svetlana Zhuchkova,14289980
Aleksei Rotmistrov,104473680
Jaron Harambam,2065339032
Dimitrios Bountouridis,3029081
Zahra Sheikhbahaee,102572717
Isabel Valera,144991545
Xiaoyu Zhang,2133401421
Anupama Aggarwal,47993785
Ali Aghelmaleki,145999300
Julian Kohne,150150570
Tobias Buchmann,2067206103
Patrick Wolf,50187458
Maayan Levinson,118700719
Yuval Benjamini,3422951
Liat Ayalon,47432224
Shahad Althobaiti ,1978063933
Ahmad Alabdulkareem,152646535
Maksim Tsvetovat,1770229
Kate Furman,1471887945
Alex Furman,2036463605
Lingqing Jiang,48280546
Paul Expert,2187761
Mauricio Barahona,2065376866
Daniele Rama,114115436
Michele Tizzoni,2349638
Kyriaki Kalimeri,145519038
Austin Benson,152290158
Fariba Karimi,50993368
Kristina Lerman,1782658
Je Hoon Chae,No Search Result
Sang Yup Lee,2109235955
Armin Mertens,120663060
Franziska Pradel,144832530
Ayjeren Rozyjumayeva,150029041
Jens Wäckerle,103561335
Luce le Gorrec,1670042077
Sandrine Mouysset,49322613
Daniel Ruiz,2061087370
Viktor Aigenseer,No Search Result
Selin Köksal,6990309
Chiara Allegri,2080693234
Ana Alonso-Curbelo,No Search Result
Sandra Wankmüller,10033961
Yasuhiro Kitakami,31304979
Tomo Ogawa,29083238
Hugo de Vos,35291144
Suzan Verberne,2066741106
Bernard Steunenberg,2080573026
Ellie Yang,119070468
Dhavan Shah,2161522351
Douglas Mcleod,2686922
William Sethares,1755618
Zhongkai Sun,2125094000
Steve Guo,50530361
Xinyi Wang,2144708089
Henri Kauhanen,104440722
George Walkden,52269660
Wenjun Liao,48739910
Chenghua Lin,48618166
Tarun Jain,144937884
Andreas Diekmann,2078552030
Ulf Liebe,47503439
Jennifer Gewinner,121214669
Alina Sirbu,39496312
Fosca Gianotti,No Search Result
Dino Pedreschi,1693341
Brooke M. Bell,103810565
George G. Vega Yon,66740041
Abu Sayeed Mondol,1404430858
Ridwan Alam,33879142
Meiyi Ma,1825230455
Ifat Emi,2746533
John Lach,137876510
John Stankovic,2146599621
Donna Spruijt-Metz,No Search Result
Bruno Toshio Sugano,No Search Result
Kazutoshi Sasahara,1928964
Isabelle Tingzon,1580935862
Vedran Sekara,2703478
Stephanie Sy,151222817
Manuel Garcia-Herranz,No Search Result
Guangqing Chi,3237539
Junjun Yin,3046920
Jennifer Van Hook,1387202038
Eric Plutzer,7007825
Heng Xu,2038459993
Nan Zhang,2153284265
Kleber A. Oliveira,12005102
Felipe M. Cardoso,91890528
Andre Santanche,2079466206
James P. Gleeson,31839582
Gerrit Jan de Bruin,144063208
Cor Veenman,1696916
Jaap van Den Herik,14163440
Lorenzo Lucchini,51435753
Sara Tonelli,2155970749
Gijs Schumacher,34444206
Christian Pipal,119411471
Pablo Lozano,121766989
Sergey Gavrilets,2258432
Angel Sanchez,2109842138
Giorgia Ramponi,144763838
Mattia Gasparini,122392325
Motahhare Eslami,2419451
Muhammad Bilal Zafar,2065620888
Saptarshi Ghosh,143617537
Krishna Gummadi,1958921
Karrie Karahalios,1680270
Kostas Stathoulopoulos,2066469124
Iraklis Moutidis,71022991
Amir Ebrahimi Fard,52139981
Haye Hazenberg,103677056
Jeroen van den Hoven,7485612
Scott Cunningham,2058192976
Emily Sullivan,47992007
Mark Alfano,39073532
Roel Faber,114415925
Vadim Voskresenskii,2143209220
Lilia Perfeito,5507954
Paulo Almeida,2053896178
Cláudio Vieira,152765431
Joana Mendonça,2054206550
Fabricio Benevenuto,2064735103
Adrian Weller,122048410
Zoya Khan,145651826
Priyam Bansal,1411580971
Mansi Sharma,1965870097
Rishabh Kaushal,147247758
Zeph M. C. van Berlo,2105715435
Sreeja Nair,49628663
Adriana Iamnitchi,1986996
John Skvoretz,3233874
Marius Sältzer,2004428566
Samuel Mueller,2112732135
Alberto Antonioni,2752996
María Pereda,144582112
Katherine A. Cronin,5104106
Marco Tomassini,2074128237
Anxo Sanchez,2109843146
Mariano Gastón Beiró,No Search Result
Alessandra Urbinati,104942679
Andrea Bonanomi,48866094
Alessandro Rosina,2071501181
Ciro Cattuto,144300761
Alla Loseva,118957299
Daniel Alexandrov,2081570309
Daniel Straulino,102718695
Chengcheng Li,5115125
Sid Ravinutala,1394654208
Neave O’Clery,1404974024
Graham McNeill,123853255
Isabella Loaiza,2004014746
Alex ‘Sandy’ Pentland,1682773
Parizad Bahardoost,1579700177
Moritz Müller,37455034
Daniel J. Flynn,49817278
Bryan Bruns,32885276
Curtis Atkisson,2465442
Stefano Balietti,3235797
Lise Getoor,1746034
Khyati Mahajan,2106176640
Samira Shaikh,39049552
Yibei Chen,7378051
Shaojing Sun,9297373
Shen Yan,2023487431
Homa Hosseinmardi,2065277251
Hsien-Te Kao,No Search Result
Shrikanth Narayanan,152434613
Emilio Ferrara,123750282
Francisco C. Santos,145955154
Alexandre P Francisco,145681423
Diliara Valeeva,2853607
Clemens Harten,112993665
Casandra Ciuchina-Szabo,No Search Result
Jakob Palinger,No Search Result
Juliano Cavalli,No Search Result
Dominika Czerniawska,118729850
Manuel Herranz,6437306
Diogo Pacheco,144795888
Kaicheng Yang,2112325
Pik-mai Hui,No Search Result
Jana Diesner,2064667763
Rezvaneh Rezapour,3342374
Zac Ioannidis,2089054147
Andrea Baronchelli,2836702
Bryan Daniels,47290255
Chris Myers,1907480
David Krakauer,1714525
Edward Lee,2115214853
Jessica Flack,1706000
Andras Voros,2575857
Hannah Muelder,52179873
Marloes Maathuis,1950729
Michele Coscia,134378500
Christoph Kern,2061852716
Denis Bonnay,3139034
Ruben Bach,113302314
Alvin Zhou,2048868599
Alessandro Artoni,150892645
Francesco Pierri,2065120622
Stefano Ceri,1705257
Alejandro Andrade,145809552
Anna Shvarts,49590019
Arthur Bakker,153919180
Dor Abrahamson,143767854
Lu Ou,1931785
Rosa Alberto,1475738087
Alexandru Cernat,89089891
Florian Keusch,2064751547
Martin Saveski,2088011784
Alexander Stewart,2079851500
Joshua Plotkin,32820193
Marina Diakonova,2113882451
Carlos Fernandez,1474505607
Foster Provost,1752722
Jon Kleinberg,3371403
Reid Mcilroy-young,No Search Result
Siddhartha Sen,50296093
Emma Remy,2083160402
Sono Shah,113557474
Stefan Mccabe,70996209
William Hobbs,47979799
Alessandra Russo,2064689883
Avelie Stuart,148007678
Elahe Naserian,147663539
Luke Dickens,1388261469
Miriam Koschate,2004640628
Frauke Kreuter,2058811829
Georg-christoph Haas,No Search Result
Mark Trappmann,3868279
Sebastian Bahr,47410016
Miriam Koschate-reis,No Search Result
Pakapol Supaniratisai,113183973
Drew Dimmery,2139123983
Ceren Budak,1759771
Lia Bozarth,10726253
Ho-chun Chang,No Search Result
Soyun Ahn,7463728
Ana-andreea Stoica,No Search Result
Augustin Chaintreau,2775909
Jessy Han,1643347009
Gururaghav Raman,48897421
Jimmy Peng,145001915
Luca Aiello,51136331
Chenhao Tan,2111727675
Qin Lv,147863109
Shuo Zhang,2108033776
Aaron Schein,144786184
David Blei,1796335
Dhanya Sridhar,153485411
Donald Green,146495007
James Moffet,2037183204
Jeffrey Quinn,2050597
Keyon Vafa,70025184
Naseem Makiya,No Search Result
Victor Veitch,2974320
Adam Berinsky,4859855
Ali Jadbabaie,1688304
Amir Tohidi,32542951
Manon Revel,2117569916
Felipe Montes,145226677
German Sanchez,2056723881
Lina Ramos,82773757
Francesco Rampazzo,2083822031
Katherine Pham,1691672627
Leah Rosenzweig,116130003
Matthewo Mildenberger,No Search Result
Parrish Bergquist,122053298
Brandon Roy,1933815920
Deb Roy,122879467
Erin Wamsley,6979425
Graelyn Humiston,51880714
Nicholas Beauchamp,143762263
Tanya Berger-wolf,2194666697
Bas Hofstra,2189817
Charles Gomez,145965693
Sebastian Munoz-najar,No Search Result
Alexander Waagen,2978541
Charles Martin,144005211
Tasi-ching Lu,No Search Result
Derek Weber,2056850497
Lewis Mitchell,2117278380
Lucia Falzon,34787071
Mehwish Nasim,40650641
Matthewhew Turner,No Search Result
Paul Smaldino,1700820
Jacob Staerk-ostergaard,No Search Result
Robin Engelhardt,49525622
Ryan Whalen,143873343
Sourav Medya,3390598
Daniel Romero,50060191
Edward Platt,2145635
Herminio Bodon,108127723
Gord Pennycook,No Search Result
Chris Riedl,3381971
Patrick Forber,2872418
Rory Smead,2651953
Zach Fulker,No Search Result
Gargiulo Floriana,1956650
Antonio Sirianni,51148972
Launy Schweiger,2137791649
Anamika Shreeva,No Search Result
Anna Keuchenius,65943017
Irene Malvestio,11333675
Lea Brandt,47961744
Mikolaj Biesaga,118084656
Sabin Roman,27093745
Feng Fu,37626650
Henner Gimpel,3055311
Manfred Schoch,2039441
Ricarda Schafer,No Search Result
Robert Laubacher,2104270409
Doyne Farmer,3543088
Francois Lafond,3178240
Mariano Beguerisse-diaz,No Search Result
Penny Mealy,2858021
R. Rio-chanona,No Search Result
Hyeonho Song,1645918180
Kunwoo Park,1447736342
Meeyoung Cha,1775511
Hannes Ullrich,3428698
Michael Ribers,2135347307
Dhaval Adjodah,21493167
Peter Kraft,145248414
Shi Chong,2113916304
Ashkan Kazemi,119305893
Jenna Sherman,32736900
Nat Gyenes,2005887754
Dominic Saad,No Search Result
Mark Sutcliffe,2071381878
Yaneer Bar-yam,No Search Result
Lulu Peng,11419342
Aparna Ananthasubramaniam,2068505
Brian Aronson,12496374
Yy Ahn,No Search Result
Jodi Basner,2117245
Karen White,36702013
Wan-ying Chang,26621633
Akira Matsui,2057632307
Andres Abeliuk,2919118
Aram Galstyan,143728483
Fred Morstatter,2775559
Bryan Moser,46261253
Ira Winder,98811543
Jeff Dieffenbach,30925108
Katherine Carroll,144873219
Keran Rong,1996199677
Prakash Manandhar,29689981
Roland Filippi,2064720093
Qing Ke,50433065
Soojong Kim,2155236005
John Scott,143985969
Renzhe Yu,50846470
Zhen Lei,2113456591
Zhongyang He,2107389568
Poong Oh,2100728317
Danaja Maldeniya,10750731
Lionel Robert,2137221311
Fosca Giannotti,1685102
Ioanna Miliou,2233516
Lorenzo Gabrielli,37149516
Luca Pappalardo,3145906
Vasiliki Voukelatou,1770511695
Matthewhew Roughan,No Search Result
Tobin South,148243135
Julia Koltai,31805805
Marton Karsai,2065378499
Zoltan Kmetty,3803776
Amir Karami,49018691
Frank Webb,47304898
Justus Uitermark,3456882
Petter Tornberg,No Search Result
Karoly Bozsonyi,5499832
Arun Frey,1379672188
Christopher Barrie,101236378
Polina Revina,No Search Result
Jaeryoung Ka,2155663935
Jeongwook Kim,2144160719
Jiwan Jeong,10054843
Jiyoung Han,1796260814
Junbum Lee,2108616798
Shohei Doi,2082231467
Shuhei Kurizaki,52011028
Balaraju Battu,15669259
Dilara Kekulluoglu,2148470563
Kami Vaniea,2833225
Nick Allum,47379578
Polina Mosolova,No Search Result
Yunus Tapan,2006328457
Jeffrey Sternberg,2091845154
Cameron Martel,2070576321
Hannah Weinberg-wolf,No Search Result
Jeremy Dohmann,22532100
Steve Chang,153284148
Eevastiina Gjerstad,119292543
Lili Aunimo,2784704
Allen Moulton,143835450
Nazli Choucri,1910903
Stuart Madnick,1689081
Yifeng Wan,2075390465
Nicholas Hagar,No Search Result
Adam Bear,2813216
Ben Tappin,9700358
Giovanni Tonutti,134038358
Florian Cafiero,51889221
Jeremy Ward,9847177
Paul Guille-escuret,No Search Result
Michael Hoefer,92463388
Edwin Jonge,40492301
Luis Luque,117331226
Christian Almenar,50331849
Matthew Groh,2073878312
Micah Epstein,2052717083
Nick Obradovich,1878375
Bernie Hogan,49977201
Sian Brooke,151201979
Talia Kaufmann,2061329586
Robert Mahari,1729586298
Sandor Lera,No Search Result
Daekyung Lee,104238603
Heetae Kim,2144348249
Sang Lee,1795620
Cody Buntain,145919650
Jacob Shapiro,144278140
Joshua Tucker,1903670
Meysam Alizadeh,2069976161
Tobias Konitzer,116074438
Cheng-jun Wang,2109431438
Cuihua Shen,2150305161
Jian Zhu,2143428968
Yixin Zhou,46844718
Alessandro Flammini,1769960
Filippo Menczer,143653472
Mohsen Sayyadiharikandeh,2703060
Onur Varol,2307347
Hunter Heidenreich,1453753408
Jake Williams,2111788580
Munif Mujib,2106278774
Mihai Avram,2061449098
Nikolaus Parulian,2121305256
Tiffany Lu,71686470
Janina Sarol,10305789
Ly Dinh,2065844300
Bill Thompson,143992777
Mathew Hardy,2150231468
Peaks Krafft,2150232216
Tom Griffiths,73306991
Giulia Cencetti,50139333
Marco Nadai,151467651
Massimiliano Luca,2103981163
Masha Krupenkin,118559963
Armin Pournaki,90599671
Eckehard Olbrich,2083089510
Felix Gaisbauer,2083556666
Sven Banisch,2327518
Eshwar Chandrasekharan,143833600
Jiajun Bao,1509446939
Junjie Wu,2093932689
Yiming Zhang,2108440764
Cristian Vallejos,1382298095
Miguel Guevara,143676983
Seyyedmilad Talebzadehhosseini,100592550
Joshua Introne,2325832
Niraj Sitaula,40035206
Fan Yang,2152891654
Qian Liu,2146553916
Abhi Dubey,No Search Result
Oceane Boulais,3200568
Hang-hyun Jo,No Search Result
Jeehye Choi,1784138283
Linzhuo Li,2050643390
Agnes Horvat,146089746
Ovidia Stanoi,2139404827
Peter Much,4452031
James Siderius,1571403456
Tanujit Chakraborty,46204267
Henrik Olsson,143937275
Tamara Does,114660653
Vicky Yang,48440042
Hao Peng,94860883
Qi Hao,2072590669
Qiaozhu Mei,2056052167
Wei Ai,145177259
Xuan Lu,115833670
Xuanzhe Liu,8016688
Yanbin Cao,66304427
Anna Cigarini,50107907
Josep Perello,151482163
Julian Vicens,19270775
Daniel Chen,150073737
Ji Kim,145088634
Alessandro Rizzo,144641844
Matthewhieu Nadini,No Search Result
Maurizio Porfiri,2168321727
Jason Burton,2055437173
Ulrike Hahn,2074174617
Kenneth Joseph,3306556
Yuhao Du,2152974017
Aaron Clauset,94674326
Mirta Galesic,2611075
Samuel Way,1925560
Amol Bhondekar,2700787
Rishemjit Kaur,123156877
Ritesh Kumar,2143908609
Yilang Peng,10807072
James Houghton,118816746
Junming Huang,31050525
Tao Jia,2027186576
Xiaoyao Yu,46447095
Mohammad Rasoolinejad,102364407
Juan Serrano,10407981
Orestis Papakyriakopoulos,20985588
Simon Hegelich,3403284
Alex Arenas,108433277
Javier Borge-holthoefer,No Search Result
Mario Gutierrez-roig,No Search Result
Benjamin Jones,2113333550
Kuansan Wang,1748169
Yuxiao Dong,2047998
Baird Howland,1630469424
Daniel Muise,75092804
Benjamin Horne,2061106112
Mauricio Gruppi,51034107
Milo Trujillo,1612340138
Jeremy Yang,2227874
Paramveer Dhillon,1939367
Sinan Aral,2413779
Jon Mcphetres,51166423
Xi Chen,2145309180
Alexander Petersen,119589961
Albert Kao,48981140
Sebastian Steffen,91575563
Ashwin Rajadesingan,2116525
Paul Resnick,144741762
Aaron Shaw,144824439
Benjamin Hill,10246648
Nathante Teblunthuis,No Search Result
Daniel Mcfarland,100525940
Hancheng Cao,40918154
Mengjie Cheng,120786478
Xiang Ren,93021993
Zhepeng Cen,2060909365
Burcin Bozkaya,2724666
Hasan Boz,1753351345
Mohsen Bahrami,98259495
Selim Balcisoy,2950043
Arkadiusz Wisniowski,5448322
Dilek Yildiz,10787293
Emilio Zagheni,2140221
Guy Abel,2053453716
Stijn Hoorens,7249796
Denis Helic,1747800
Tiago Santos,2113384847
Alla Baranovsky,1506853429
Irene Pasquetto,1915175
Matthewhew Baum,No Search Result
Benjamin Ooghe-tabanou,No Search Result
Dominique Cardon,2044793
Guillaume Plique,2065125075
Jean-philippe Cointet,No Search Result
P ,108455314
Raj Chetty,119701448
Munmun Choudhury,117633375
Christoph Dann,31774034
Dustin Tingley,3252940
Emma Brunskill,2563117
Glenn Lopez,31554053
Joseph Williams,2118491938
Justin Reich,2950299
Mike Yeomans,120859424
Rene Kizilcec,2633430
Selen Turkay,2067123149
Neil Johnson,50608908
Nicholas Johnson,145408600
Nicolas Velazquez-hernandez,No Search Result
Rhys Leahy,152152429
Yonatan Lupu,51169219
Naoki Maejima,118813282
Shohei Usui,1874465
Michio Hosaka,34779893
Shimpei Okuda,2006794050
Doug Beeferman,49222693
Eric Chu,48135617
Nabeel Gillani,35689089
Anne Toonders,No Search Result
David Dekker,103291034
Ju-sung Lee,2108302924
Jan Laan,2074811524
Emily Chen,2113753651
Julie Jiang,2141510269
Anna Croley,No Search Result
Ling Dong,2152289162
Berk Deniz,2476676
Maneet Singh,2116608061
S R,51194027
Ian Anderson,2061625179
Lucas Maystre,3122129
Mounia Lalmas,1684032
Rishabh Mehrotra,2104018262
Andrea Parker,2079617738
Brooke Welles,2097232
Elizabeth Stowell,123712301
Ryan Gallagheer,No Search Result
Gerald Bronner,2050658262
Laurent Cordonier,31892038
Dan Jurafsky,144138733
Julia Mendelsohn,32163938
Yulia Tsvetkov,103185403
Elise Jing,2082915315
Simon Dedeo,1794096
Forough Poursabzi-sangdeh,No Search Result
Farshad Kooti,1797355
Kristen Altenburger,46713318
Laila Wahedi,50846627
Allison Koencke,No Search Result
Andrew Nam,91261958
Connor Toups,1589437057
Emily Lake,145729503
Joe Nudell,1589493589
John Rickford,32004231
Minnie Quartey,113762868
Sharad Goel,2067569168
Zion Mengesha,102794367
Nicholas Johnson-restrepo,No Search Result
Nicolas Velasquez,143618115
Christopher Quarles,153806655
Agnese Chiatti,2607532
Andrew Fitzgerald,21062600
Byron Reeves,1840474882
Jihye Lee,49685517
Katie Roehrick,119256948
Mu-jung Cho,No Search Result
Nilam Ram,144421488
Thomas Robinson,2111807274
Xiao Yang,144195426
Xiaoran Sun,2112561493
Joseph Hoover,39619406
Nour Kteily,5266090
Kanyao Han,1884573888
Kehan Li,52596373
Pingjing Yang,3372778
Ana Brito,33378513
Diego Amancio,143975462
Filipi Silva,104340572
Ramaswami Mahalingam,2852086
Joselina Davyt,1729365026
Aaron Halfaker,1793302
Nicole Nisbett,2186943167
Viktoria Spaiser,2157118
Henriette Cramer,48836954
Jean Garcia-gathright,No Search Result
Kiran Sharma,49505508
Jeffery Schank,No Search Result
Sydney Wood,113864257
Jianyin Roachell,No Search Result
Zhishen Huang,2158554742
Cassidy Sugimoto,153108134
Dakota Murray,38181973
Lili Miao,2143830467
Vincent Lariviere,71075814
Woo-sung Jung,2095057182
John Bollenbacher,38831423
Ben Rachunok,No Search Result
Roshi Nateghi,107927803
Akshay Aravamudan,133558401
Anna Koufakou,1883957
Xi Zhang,2108287688
Hugo Contreras,83021981
Leo Ferres,1752967
Andrew Wang,2049062594
Cynthia Habonimana,1430756040
Rediet Abebe,5651696
Anri Suzuki,2146983832
Fujio Toriumi,1777367
Andrew Halterman,2114703564
Lisa Friedland,49857524
Nir Grinberg,145836652
Swati Goel,2067569354
Maxim Sytch,3288539
Patrick Park,145671317
Christian Strippel,50156365
Joachim Trebbe,41072760
Laura Laugwitz,101659012
Martin Emmer,10087293
Sabina Hartnett,151207888
Sunje Paasch-colberg,No Search Result
Balazs Nagy,101813910
Dorottya Demszky,81551000
Martina Szabo,67109302
Orsolya Ring,2091575753
Veronika Vincze,2536091
Daniel Schroeder,2139375814
Johannes Langguth,2006766
Konstantin Pogorelov,2096297536
Petra Filkukova,3859117
Anahit Sargsyan,51030021
Mona Zubaidi,2201557429
Mark Whiting,8169994
Michael Bernstein,3411250
Phoebe Yao,No Search Result
Christoph Reuter,150956609
Isabella Czedik-eysenberg,No Search Result
Oliver Wieczorek,3451342
Adam Sawyer,47260431
George Barnett,100967429
Jean-michel Dalle,2100329
Jose Halloy,2076294
Theophile Carniel,2066708095
Brett Bourbon,113573262
Renita Murimi,1874100
Faiz Ahamad,35840323
Lana Bilalova,No Search Result
Egemen Sert,28993380
Oral Okan,66963727
Ahmet Kurnaz,40584518
Karoly Takacs,2073241572
Lan Jiang,32936777
Haylee Ham,2047736819
Rinat Sergeev,2089972378
Sebastian Muller,150303085
Nima Dehmamy,9716460
Suman Maity,34594216
Victoria Medvec,3886047
Arun Sen,2065335428
Kaustav Basu,47012097
Alexander Mantzaris,1961938
Amirarsalan Rajabi,153358349
Cameron Taylor,143960644
Alexander Loser,2047997575
Betty Aken,51436004
Katherine Haenschen,83770577
Ali Tafti,116513812
Mohamad Hosseinioun,101167609
Bari Bendell,98036621
Pelin Bicen,3815034
Jessica Santana,2135643187
Sagar Kumar,2070188131
Marc Rauckhorst,1678008920
Nupur Baghel,52148319
Roshan Santhosh,2066518004
Shubham Annadate,13660573
Shweta Chopra,152718120
Yi-nung Huang,No Search Result
Stefania Ionescu,81975078
Alia Braley,2088198191
Filippo Simini,2364416
Flavia Luca,2081802855
Robert Eyre,39885321
Ismail Uluturk,3383776
Ding Lyu,52193231
Xiaofan Wang,2108504883
Pursey Heugens,2093907571
Gwilym Pryce,4433905
Mohammed Aleinzi,No Search Result
Nathan Hughes,117206154
Roland Toth,2059229753
Tatiana Trifonova,3853739
David Bartl,2081641652
Jaroslav Ramik,3294636
Jiri Mazurek,98253309
Radomir Perzina,1753220
Adam Richards,153275505
Andrew Ledbetter,2708096
Jie Zhuang,9423277
Qinghua Yang,2149537801
Andreas Witt,145910499
Diana Steffen,2082294744
Jutta Bopp,2089291554
Norman Fiedler,3297687
Renata Nemeth,2089854654
Sam Zhang,72655306
Jisung Yoon,92254352
Rodrigo Costas,73741141
Stasa Milojevic,1780030
Hendrik Schawe,2597999
Laura Hernandez,108675674
Christopher Danforth,2310860
Joshua Minot,147115675
Michael Arnold,50011503
Peter Dodds,2091916467
Thayer Alshaabi,2113954636
Daniel Putman,16223725
Inaki Ucar,32670167
Marco Fiore,50241474
Marco Gramaglia,145829671
Zbigniew Smoreda,49390390
Amir Goldberg,3727566
Paul Vicinanza,46805795
Sameer Srivastava,3106444
Benoit Schmutz,114125523
Germain Gauthier,144682367
Pierre Boyer,2095450
Thomas Delemotte,2103444911
Vincent Rollet,2095724447
Jonathan Morgan,153303056
Kenneth Wapman,13618264
Clara Hanson,71149174
Maurice Jakesch,113179096
Mor Naaman,1687465
Hossein Rahmana,No Search Result
Chris Bail,11583899
Friedolin Merhout,46173646
Natalie Gallagher,39869081
Nicolo Cavalli,1516995694
Xin Jin,2149170698
Fabrizio Lillo,87946467
Francesca Chiaromonte,3098280
Giorgio Tripodi,151463845
Mikhail Sirenko,101404244
Sam Fankhauser,118976401
Stefano Carattini,27720125
Bao Truong,48875464
Christopher Torres-lugo,No Search Result
Pacheco Diogo,144795888
Ian Miller,2086029365
Misha Teplitskiy,3142706
Henry Dambanemuya,32266979
Madhav Joshi,83754848
Aaron Cluaset,No Search Result
Amir Ghasemian,2005828186
Arthur Luhur,5931482
Beom Kim,144364776
Woo Jo,89974507
Sean Fischer,2061647231
Matej Novak,47491240
Morteza Dehghani,9492170
Yunwen Wang,88291532
Alireza Sabet,2131876967
Krish Perumal,2042658
Narayanamoorthy Nanditha,65758360
Daniel Acuna,25636121
Tong Zeng,1722083698
Craig Tutterow,13389981
Kayla Haye,2479533
Yamir Moreno,1394959217
Aolong Zha,26896478
Itsuki Noda,1895991
Jeanie Lim,2289426
Kelsey Linnell,2094459437
Tom Mcandrew,2795368
Francesca Gino,1899733
Julia Minson,2331299
Azim Shariff,1999088
Edmond Awad,38568367
Jean-francois Bonnefon,No Search Result
Sohan Dsouza,2561756
Jason Jones,2110259259
Jessica Kim,2049474495
Mohammad Amin,2113277060
Steven Skiena,1721948
David Schwartz,48917197
Tatiana Lau,145888882
Wen Chen,2111883222
Samuel Fraiberger,3422004
Yixue Wang,52482112
Dana Warmsley,9950697
Samuel Johnson,2108783259
Alexander Verbraeck,123007418
Yilin Huang,71165381
Igor Zakhlebin,148428483
Orsolya Vasarhelyi,80536505
Ananth Balashankar,2593082
Lakshmi Subramanian,145749938
Lillio Mok,38623417
Anne Stupinski,1576739598
Babak Heydari,5698950
Dan O'brien,2068990824
Laiyang Ke,2088461855
Matias Travizano,2356176
Amit Sheth,37865406
Krishnaprasad Thirunarayan,3195814
Maninder Kalra,37508164
Marco Valtorta,145638099
Utkarshani Ja,No Search Result
Leonardo Nicoletti,2160471591
Mikhail Sirkenko,No Search Result
Eni Mustafaraj,2261457
Caitlin Gray,2055731078
Antoine Mazieres,2560510
Fan Zhang,116305088
Zhuangyuan Fan,2048417545
Alicia Cork,1980629843
Mark Levine,144092773
Richard Everson,144459141
Anna Tedijanto,1631293956
Anneke Buffone,46843152
H ,2084231279
Salvatore Giorgi,2092968522
Anindya Ghose,2054488079
Panos Ipeirotis,2942126
Prasanna Parasurama,13978600
Margherita Ricotti,35195596
Dorian Tsolak,1405310717
Simon Kuhne,No Search Result
Damon Centola,3256565
Mario Molina,40612154
Nicolas Pares,151153392
Peter Organisciak,150254620
Arram Bae,39613066
Jingbo Meng,2026787100
Winson Peng,5672274
Jasser Jasser,2095589103
Steve Scheinert,94813413
Ece Mutlu,137416343
Matthewhew Jones,No Search Result
Scott Pauls,40538820
Aditya Tandon,9143407
Flora Samu,No Search Result
Julia Galantai,No Search Result
Itsuki Fujisaki,31531165
Kazuhiro Ueda,2114881414
Kunhao Yang,15766236
Blake Wertz,35494371
Alexander Brand,47259740
Niklas Dorner,No Search Result
Alexis Perrier,2180386945
Bilel Benbouzid,73035024
Emma Gauthier,146790373
Pedro Morales,2068180895
King-wa Fu,No Search Result
Dr Harris,2114303361
Prof Levene,No Search Result
Juan Losada,118576190
Julia Atienza-barthelemy,No Search Result
Rosa Benito,1712278
Samuel Martin-gutierrez,No Search Result
Mariko Ito,2111012193
Takaaki Ohnishi,2056577337
Issa Luna-pla,No Search Result
Jose Carlock,No Search Result
Maria Sahakyan,118816099
Ruilin Chen,46544396
Barry Bradlyn,6371940
Emiliano Cristofaro,2064581974
Gianluca Stringhini,2350947
Jeremy Blackburn,144728530
Manoel Ribeiro,35700028
Savvas Zannettou,3447293
Stephanie Greenberg,114763530
Summer Long,1490486218
John Lang,2066768475
Pj Lamberson,3175174
Shan Huang,48668674
Yifan Yu,71481319
Yong Tan,2042896585
Yuchen Liu,73580038
David Holtz,47826144
Janet Xu,100558778
Sanaz Mobasseri,114579073
Zanele Munyikwa,2123319428
Justin Ho,2616516
Francesco Silvestri,2055289855
Pietro Rampazzo,No Search Result
Dokyun Lee,2675022
Emaad Manzoor,2125374460
George Chen,2116388722
Michael Smith,2157467820
Minje Choi,2111881618
Han Zhuang,1591678373
Sanguk Lee,2102608618
Tai-quan Peng,5672274
Chloe Wittenberg,112886770
Jonathan Zong,32286134
Jiangmeng Liu,1970172
Jos Lemmink,2917502
Mark Graus,1821731
Steffi Kohl,2060175957
Yuner Zhu,2117077867
Chang-young Oh,87109387
Deok-sun Lee,No Search Result
Sung-gook Choi,35690814
Masahiro Kazama,2071445693
Sho Izumo,No Search Result
Tim Lomas,143737969
Apratim Mishra,No Search Result
Jaihyun Park,2125441089
James Bagrow,2229958
Saranzaya Magsarjav,1491912320
Tyson Pond,1491909167
Zijian An,115099878
Esteban Egido,4410019
Yanni Yang,49308049
Luca Rossi,2068813832
Myung Cho,2098811019
Shengchun Huang,1722680
Jennifer Pan,47595168
Yingdan Lu,2003393
David Dewhurst,2064134202
Jane Adams,51036467
Clifford Odimegwu,5541404
Emmanuel Olamijuwon,40799430
Ania Korsunska,83623918
Jay Kachhadia,No Search Result
Jennifer Stromer-galley,No Search Result
Sarah Bolden,2095141092
Shloak Gupta,2118927653
Lizhen Liang,87348247
Guillaume Cabanac,1805055
Frederic Heaume,2137306458
Iain Weaver,2068360159
Munther Dahleh,50003334
Tianyi Li,11860540
Marie Puren,2143816182
Felix Munch,No Search Result
Dongwoo Lim,144388218
Jacobo Abitbol,40913396
Feifan Liu,50207845
Haoxiang Xia,46814936
Karoline Wiesner,2073358625
Aberer Karl,2052429313
Adam Silke,2677682
Adelani David,2518906
Agarwal Nitin,47631729
Aggarwal Minali,2200451043
Ahn Yong-Yeol,No Search Result
Aiello Luca,51136331
Akbaritabar Aliakbar,2128916708
Aksoy Ozan,39157073
Alessandretti Laura,2818774
Alexander Monica,15570341
Aliapoulios Maxwell,51011397
Allen Jennifer,49919119
Alorić Aleksandra,3499140
Alvarez-Hamelin José-Ignacio,No Search Result
Amirkhanian Yuri A.,5704024
An Jisun,150906346
Anderson Ashton,32071555
Aneja Harshit,116783772
Aramaki Eiji,2059084914
Archer Luke,2060914351
Arechar Antonio,9549601
Aref Samin,34627491
Aridor Guy,72630048
Arielli Emanuele,84600352
Artime Oriol,113618294
Axelrod David,47306115
Azizi Fard Narges,2202753504
Bailey Michael,2069435554
Bajardi Paolo,46726748
Balietti Stefano,3235797
Balsamo Duilio,89552478
Banisch Sven,2327518
Barahona Mauricio,2065376866
Barkoczi Daniel,3228326
Baronchelli Andrea,2836702
Bastani Hamsa,10803100
Bastani Osbert,1697444
Battiston Alice,2026324797
Bauer Leo,21269976
Bedathur Srikanta,1751538
Beeferman Doug,49222693
Beersma Bianca,4430573
Beiró Mariano G.,2909134
Belli Luca,49738172
Bernstein Michael S.,145879842
Berry George,2061643051
Bhadani Saumya,51011564
Bhattacharya Indrajit,145963427
Bhole Monica,84583464
Bilsen Daniel,No Search Result
Blackburn Jeremy,144728530
Bohm Matteo,2139785988
Boichenko Anton,1740991842
Bokanyi Eszter,No Search Result
Borgmann Philip,No Search Result
Boros Krisztián,No Search Result
Bozarth Lia,10726253
Bracci Alberto,150007688
Brambilla Marco,47930228
Brand Alexander,47259740
Breuer Johannes,46590719
Brinkmann Levin,13566762
Brito Kevin,50974788
Brooke Sian,151201979
Brunet Marc-Etienne,No Search Result
Bryden John,144610360
Budak Ceren,1759771
Burton Jason,2055437173
Böttcher Lucas,50378967
Candia Cristian,2072706256
Cao Hancheng,40918154
Cao Likun,2148825816
Carbone Luca,152701775
Cardon Dominique,2044793
Carley Kathleen,152493572
Carnegie Nicole B.,2069724
Castaldo Nicola,104088877
Catasta Michele,1754926
Cebrian Manuel,145512648
Celis Elisa,144776615
Cha Meeyoung,1775511
Chae Je Hoon,No Search Result
Chang Ho-Chun Herbert,No Search Result
Chang Serina,22369664
Chaparro Luisa Fernanda,2059013031
Chen Anthony,145909572
Chen Hong,2118061656
Chen Huei-Yen,No Search Result
Chen Juan,2108324641
Chen Liangwei,2146032816
Chen Tsuhan,2157542480
Chen Victor,2128341721
Chen Yingying,49069517
Chen Yutao,47559215
Chen Ziwen,100742194
Cherifi Hocine,1796102
Cheung Pui Yin,114364012
Chiolero Arnaud,2019597
Choi Eunseo,2113599173
Choi Minje,2111881618
Choudhari Jayesh,2144294549
Ciampaglia Giovanni Luca,71146550
Clauset Aaron,94674326
Clever Lena,1491143211
Clever Nico,1696982
Cointet Jean-Philippe,No Search Result
Colavizza Giovanni,2364686
Comes Tina,2537597
Constantino Isabel,90127209
Conte Keivabu Risto,2005710851
Cork Alicia,1980629843
Corten Rense,2759265
Costas Rodrigo,73741141
Cottica Alberto,23289476
Criscione Teodoro,14633760
Crockett Molly J.,3720322
Cui Hao,2117803734
Czerwinski Mary,1817251
Czymara Christian,115610300
D'Andrea Valeria,1409191287
Dacon Jamell,1380259269
Dambanemuya Henry,32266979
Danus Lluis,2189543322
Das Subhro,2157692810
Dasgupta Anirban,15093681
de Almeida Igor,145564503
De Cristofaro Emiliano,2064581974
De Domenico Manlio,8311574
De Francisci Morales Gianmarco,35168570
de Jong Rachel,1707735656
Dehmamy Nima,9716460
Deitrick James,119455347
Del Fava Emanuele,2116944
Delnoij Joyce,115262605
Dementeva Yulia,2135466456
Denecke Esther,120607575
Deverna Matthew R.,2047039029
Dhillon Paramveer,1939367
Di Natale Anna,7933719
Diarrassouba N'Godjigui Junior,1726076767
Dikaiakos Marios,32475436
Diviák Tomáš,2092889515
Doi Shohei,2082231467
Dokuka Sofia,2572528
Domahidi Emese,3278790
Du Yuhao,2152974017
Duricic Tomislav,51119208
Eckles Dean,1996878
Elmas Tugrulcan,107918952
Endah Sulistiawati Amin,107907861
Ertekin Şeyda,1769472
Estrada Camilo,40504742
Evans James,3315979
Fagan Jesse Michael,36363706
Ferrara Emilio,123750282
Ferreira Leonardo,2100522805
Firmansyah Firman,47373374
Flaherty Kristen,147205231
Flammini Alessandro,1769960
Flöck Fabian,66042341
Font-Pomarol Lluc,No Search Result
Fortunato Santo,3334430
Foucault Welles Brooke,2097232
Fraiberger Samuel,3422004
Francisco Frederico,90039686
Frank Morgan,47526637
Frankowski Dan,2194947
Fregolent Mendes de Oliveira Diego,No Search Result
Frey Seth,2055409262
Frischlich Lena,2960582
Froio Caterina,115767234
Gaffney Devin,34366081
Galesic Mirta,2611075
Gallo Angela,4151826
Gallotti Riccardo,102430107
Gandica Yérali,2963260
Gangavaram Abiram,No Search Result
Gao Jian,72208575
Garcia David,2150290128
Garcia-Bernardo Javier,No Search Result
Garimella Kiran,2005765789
Gergle Darren,2497393
Gersbach Hans,2194458
Getoor Lise,1746034
Gezerli Deniz,No Search Result
Ghasemian Amir,2005828186
Ghosh Sayan,2143032831
Gligoric Kristina,2127081453
Goldenberg Amit,40484649
Goldstein Daniel G.,2463533
Gonçalves-Sá Joana,No Search Result
Grabowicz Przemyslaw,1907673
Graus Ger,2138659045
Gray Ian,2071530973
Grayson Siobhan,47022219
Greene Derek,34948354
Gross James,145206802
Grund Thomas,3120572
Guba Katerina,104772484
Guimera Roger,144030911
Guimerà Roger,144030911
Guo Weisi,2135734079
Gurajada Sairam,1963709
Gómez Francisco,2057638216
Gökay Emel A. Gül,2171758423
Haberly Daniel,118724918
Hadler Markus,2091647327
Hagens Marloes,6130070
Hahn Ulrike,2074174617
Haider Samar,40429233
Hale Scott,115386309
Han Sungwon,2125792068
Hangen Forrest,1397158998
Hannan Jacqueline,2189226807
Harris Martyn,144227911
Hartmann Valentin,88770403
Harutyunyan Ani,144541492
Hassoun Amelia,39920301
He Sijun,122522058
He Yuanmo,2205400587
Hecht Brent,32980371
Helic Denis,1747800
Hemelrijk Charlotte,2134996
Hernández Laura,2016083799
Hills Thomas,46318336
Ho Justin Chun-Ting,No Search Result
Hoferer Moritz,1380245380
Hofstra Bas,2064215121
Hong Inho,37879285
Hoover Joe,2065315778
Horta Ribeiro Manoel,147915826
Horvitz Eric,145479841
Horvát Emőke-Ágnes,No Search Result
Hosseinioun Mohamad,101167609
Hosseinmardi Homa,2065277251
Hu Margaret,2151718837
Hu Xinlan Emily,2110049545
Huang Shengchun,1722680
Hui Pik-Mai,No Search Result
Hurtado Bodell Miriam,114902240
Inkaya Tulin,No Search Result
Iqbal Shamsi,1730570
Irlenbusch Bernd,2346763
Itao Kenji,151074658
Jacobson Jessica,144116046
Jaidka Kokil,2798221
Jakobi Ákos,2099717
Janský Petr,7243805
Javadian Sabet Alireza,2131876967
Jensen Henrik,143690626
Jhaver Shagun,3362498
Jin Ching,2108459775
Jing Elise,2082915315
Johnson Isaac,1380974154
Johnson Kara L.,2115770555
Johnson Shane,2024608686
Jones Benjamin,2113333550
Jones Keenan,1399042299
Joseph Kenneth,3306556
Josifovska Maya,No Search Result
Juhász Sándor,2151954287
Jung Woo-Sung,2095057182
Jurgens David,3046220
Juul Jonas L.,2086531527
Kalimeri Kyriaki,145519038
Kanazawa Kiyoshi,38395120
Kaneko Kunihiko,2061403604
Kapuza Anastasiia,2173025418
Karsai Márton,2698329
Kas Judith,1439702795
Katona Eszter,1405590382
Katzman Jared,32074066
Kaufmann Talia,2061329586
Kazemi Ashkan,119305893
Kekkonen Arto,2078911564
Kertész János,2207387183
Keuchenius Anna,65943017
Keuschnigg Marc,145938210
Khudabukhsh Ashiqur,2856003
Kiciman Emre,3528206
Kim Lanu,2143096639
Kim Sundong,2109587236
Kishore Shahi Gautam,3376145
Kizilcec Rene,2633430
Kleinberg Bennett,6032930
Kleinberg Jon,3371403
Klimek Peter,47301511
Klimmt Christoph,2558997
Klösch Beate,2131739267
Kmetty Zoltán,3803776
Kobayashi Ryota,143940045
Kohne Julian,150150570
Kojaku Sadamori,1581613599
Koltai Júlia,144377755
Koschate Miriam,2004640628
Kotzinos Dimitris,2078908
Kovács Ádám,40061879
Kreuter Frauke,2058811829
Kteily Nour,5266090
Kubik Jan,15871181
Kumar Shankar,2109681376
Kurizaki Shuhei,52011028
Kusumegi Keigo,2064602608
Köbis Nils,4638847
König Tim,2054852791
LaBerge Nicholas,2030915545
Labiancaba Giuseppe Joe,No Search Result
Lackner Simone,144176651
Larremore Daniel B.,2900564
Lasser Jana,23724710
Lastra-Anadon Carlos X.,No Search Result
Laurer Moritz,2076481176
Leclercq Eric,86916901
Lee Chia-Jung,No Search Result
Lee Eun,2149209228
Lee Hansol,49923191
Lee Jonghyun,2108604843
Lee Kangsan,2115496186
Lee Sang Yup,2109235955
Lee Seungeon,2116971826
Lee Yu Jin,2145419860
Lehmann Sune,2068824507
Lelkes Yphtach,46567426
Lemmerich Florian,2101037
Lengyel Balazs,102366016
Lengyel Balázs,102366016
Lepri Bruno,49305855
Leskovec Jure,1702139
Levene Mark,143716988
Lex Elisabeth,3124784
Li Bryan,15122260
Li Muyang,134319547
Li Shujun,10788926
Li Weifeng,66539709
Li Xiancheng,3663418
Liew Kongmeng,147327565
Lin Yiling,52557341
Linares Julio,123636221
Liu David,2115518582
Liu Feifan,50207845
Liu Haochen,2143856754
Liu Tanzhou,2173402108
Lofdahl Corey,2614162
Lofdahl Lara,No Search Result
Lohmann Sophie,2067374281
Lomax Nik,34699366
Lu Yingdan,2003393
Lucchini Lorenzo,51435753
Lukac Martin,2053062565
Luo Lan,6965378
Luo Zhifan,2114939813
Lupton Deborah,2064132556
Lyu Zeyu,2112547575
Ma Gloria Wai Shan,No Search Result
Macy Michael,1863307
Madani Navid,46283441
Magnusson Måns,2075458935
Maheshwari Kartiki,No Search Result
Mai Tung-Duong,No Search Result
Maity Suman Kalyan,34594216
Majchrzak Tim A,1739074
Makhortykh Mykola,51428797
Mancoridis Marina,No Search Result
Mannem Karunakar Reddy,No Search Result
Manovich Lev,2895132
Margarita Leib,31828515
Martel Cameron,2070576321
Mathew Binny,2059392121
Mattsson Carolina,144208030
May Tiggey,144694920
McClure David,69555813
McCoy Damon,144949077
McGuinness Harvey,2063800299
McIlroy-Young Reid,No Search Result
Medvec Victoria,3886047
Medya Sourav,3390598
Mejova Yelena,3329961
Melançon Guy,2064459113
Menczer Filippo,143653472
Mendelsohn Julia,32163938
Mengzhen Jia,2023464353
Menshikova Anastasia,2120376431
Mepham Kieran,81865368
Mesquita Sara,1665406209
Messing Solomon,3156894
Metzler Hannah,2072307744
Mijs Jonathan,98659085
Milbauer Jeremiah,2139750731
Milojević Staša,1780030
Min Seokyoung,148095787
Mishra Shubhanshu,2112134877
Mishra Sudhanshu,1739297224
Mitchell Lewis,2117278380
Mitrović Dankulov Marija,8417024
Miyazaki Kunihiro,2144069586
Mizuno Takayuki,48354298
Mobius Markus,2402406
Mogoutov Andreï,114242443
Mole Richard,39357001
Molnár Anna,16323383
Monti Corrado,2074202393
Morgan Allison,15756426
Moro Esteban,37308372
Mosleh Mohsen,79792994
Mukerjee Subhayan,117182555
Mukherjee Animesh,49427905
Mukherjee Deblina,2135370738
Mukhina Ksenia,32174870
Munoz-Najar Galvez Sebastian,No Search Result
Muntaner Carles,47027506
Murayama Taichi,103220762
Muric Goran,7255575
Murray Dakota,38181973
Müller Thomas F.,2087659410
Nadini Matthieu,3381981
Nanni Mirco,1717192
Napoli Ludovico,2069927687
Narvaez Luz Angela,2051286847
Nasarre-Aznar Sergio,No Search Result
Naserian Elahe,147663539
Nasim Mehwish,40650641
Neal Zachary,2195694
Neffke Frank,143660006
Neuhäuser Leonie,38173480
Neumann Frank,2058460749
Nicolaides Christos,39634853
Nicolaou Nicos,2049671332
Niederkrotenthaler Thomas,47464687
Nordell Jessica,2131616756
Novák Martin,153311807
Nurse Jason,1803701
Nussberger Anne-Marie,No Search Result
Nyhan Brendan,2064358
O'Brien Daniel,2028002382
O'Toole Katherine,1401009276
Ofli Ferda,1727159
Okan Oral,66963727
Ooghe-Tabanou Benjamin,No Search Result
Overdorf Rebekah,1857191
Ozyurt Yilmazcan,2048031965
Palanský Miroslav,119774249
Pallis George,1777051
Pan Jennifer,47595168
Panisson André,2735649
Panzarasa Pietro,2876837
Pappalardo Luca,3145906
Parigi Paolo,2325084
Park Jaehyuk,147016125
Park Sungkyu,15279159
Parkinson Brian,144603514
Pathak Arjunil,2121385390
Pei Jiaxin,2149215963
Pellert Max,103932770
Peng Hao,94860883
Peng Hongwei,9520412
Pennycook Gordon,2998138
Pentland Alex,2069315974
Perello Nicholas,2120270819
Perfeito Lília,5507954
Perotti Alan,26582424
Perrier Rémi,103467856
Perry Brea,1925177
Pescetelli Niccolo,6050548
Pescetelli Niccolò,6050548
Petricli Gulcan,No Search Result
Peyrard Maxime,90057191
Piarso Chrysan Angela,No Search Result
Piccardi Tiziano,3144356
Pierri Francesco,2065120622
Pilgrim Charlie,80174617
Pinaud Bruno,2100834
Plique Guillaume,2065125075
Podder Shirsendu,2123470618
Possler Daniel,2082164861
Pozzana Iacopo,9952841
Prasad Shivangi,46771517
Pratama Ahmad,10746443
Preniqi Vjosa,2044357425
Prifti Ylli,1484253558
Provetti Alessandro,1785816
Pulido Cristian,2042453568
Pulido Maria Teresa,2057837402
Qian Yifan,2106527293
Quercia Daniele,48236763
Raghavan Hari,3049490
Rahwan Iyad,1705156
Rajadesingan Ashwin,2116525
Rajeh Stephany,2157973730
Rama Daniele,114115436
Ramaciotti Morales Pedro,2068180895
Rand David,144221261
Raymond Cameron,143939254
Redi Miriam,2109913
Reiss Michael,117728323
Reiter-Haas Markus,No Search Result
Renoust Benjamin,2218585
Resnick Paul,144741762
Revina Polina,No Search Result
Rezaei Sarah,1738699514
Richardson Allissa,114436981
Richter Lukas,1381068875
Righi Simone,11406378
Rilke Rainer,116669732
Rimé Bernard,2062873873
Rintel Sean,2255965
Rio Pedro,122923729
Romero Daniel,2106326353
Rothschild David,145792941
Roy Brandon,1933815920
Roy Deb,122879467
Rudas Jorge,30950148
Ruprechter Thorsten,3392184
Rutherford Alex,47193909
S Chan Kevin,46998035
Sacco Pierluigi,47341231
Sachin P Kumar,2141120155
Sadeghi Mohammad Amin,21160985
Saez-Trumper Diego,No Search Result
Sage Melanie,35710700
Saha Punyajoy,48480843
Sahasranaman Anand,7644036
Saitis Charalampos,2980678
Sales-Pardo Marta,No Search Result
Salomone Alberto,6125979
Samory Mattia,3071381
Sandvig Christian,2064358668
Sanford Mary,47741869
Sano Yukie,2191743
Sanyoura Lana,2047736624
Sarva Sahiti,No Search Result
Sasahara Kazutoshi,1928964
Saveski Martin,2088011784
Savonnet Marinette,122388167
Schatto-Eckrodt Tim,No Search Result
Schaub Michael,1841443
Schawe Hendrik,2597999
Schecter Aaron,47954408
Scheper Jule,2090986572
Schifanella Rossano,2251027
Schindler Max,49163676
Schmid Daniela,66376314
Schulze Heidi,2065398613
Schöne Jonas Paul,2128447258
Schünemann Wolf,2099261884
Secchini Valeria,123679933
Seiser Volker,2125375502
Sen Indira,2113780702
Sen Siddhartha,50296093
Sert Egemen,28993380
Shamon Hawal,113213883
Shan Wei,49752681
Shirado Hirokazu,1726531
Sinchaisri Park,72852855
Singh Karandeep,48829479
Sirenko Mikhail,101404244
Sirianni Antonio,51148972
Sivak Elizaveta,102390348
Skorupski Ryan,73155814
Smirnov Ivan,2086178147
Soares Cláudia,145350317
Sokolov Mikhail,2056097457
Soldner Felix,133980886
Song Hyunho,2112927312
Sorger Johannes,38448625
Sornette Didier,2082299814
Spitz Andreas,113823194
Stamm Felix,2000792611
State Bogdan,2632078
Stecklov Guy,5315446
Stefanelli Alberto,2079565812
Stefanidis Dimosthenis,1903191268
Stein Jonas,14828456
Stier Sebastian,50759418
Stine Zachary,79537629
Stone Lydia,34897952
Stringhini Gianluca,2350947
Strohmaier Markus,2066095952
Sverdlov Michael,38798270
Szell Micheal,No Search Result
Takacs Karoly,2073241572
Takes Frank,2131145555
Takikawa Hiroki,9031132
Tama Bayu Adhi,3157930
Tan Ying Kiat,1945857296
Tang Jiliang,1736632
Teevan Jaime,144113253
Teixeira Santos Tiago,143623190
Telling Anna,40210245
Temps Johanna,No Search Result
Terse Omkar,1491319253
Testori Martina,72304880
Teytelboym Alexander,1799601
Thurner Stefan,50674043
Tittel Katharina,2004469581
Tomašević Aleksandar,31612660
Tonneau Manuel,2159207178
Torres-Lugo Christopher,No Search Result
Toth Roland,2059229753
Toyoda Masashi,2055517501
Tsivinskaya Angelika,1604301953
Tsurushima Akira,73354569
Tsvetkova Milena,2142832956
Turner Benjamin,39074659
Törnberg Petter,8554587
Uchida Yukiko,2061538854
Ugander Johan,144584024
Uitermark Justus,3456882
Urman Aleksandra,2153876524
Uzzi Brian,1838478
Valle Francesco,2074352646
Van Buskirk Ian,72640615
van de Rijt Arnout,1749578
van der Loo Mark,10175429
van Tubergen Frank,7971033
Varela-Lasheras Irma,No Search Result
Varga Krisztian,2331521
Varshney Kush R.,1712865
Vashevko Anthony,70480899
Vaucher Timoté,1702186500
Verbraeck Alexander,123007418
Vergara Jan Voltaire,2142561613
Veselovsky Veniamin,93258626
Victorino Jorge,2101595384
Vieira Carolina,50227725
Villa-Cox Ramon,No Search Result
Vitalis Kyriacos,No Search Result
von Horn Roland,39810162
von Kleist Kira,No Search Result
Vranić Ana,123508592
Wagner Claudia,152984544
Wakamiya Shoko,2092468153
Waller Isaac,89922735
Walsh Jennifer L.,2116892167
Wang Dashun,1490970698
Wang Leping,2663093
Wang Luping,9357609
Wang Russell,66577908
Wang Xinyi,2115554065
Wang Yang,2146020957
Wapman K. Hunter,2654157
Watts Duncan,2059772133
Weber Derek,2056850497
Weber Ingmar,1684687
Weiß Bernd,2054518611
Weller Katrin,2061425672
West Robert,145655675
White Ryen W,34286525
Whiting Mark E.,94013412
Wijayanto Arie,100484556
Willer Robb,47555956
Wong Priscilla,51246276
Wu Lingfei,2093306261
Wulf Tim,2094618170
Xia Haoxiang,46814936
Xiaolei Guo,2025916508
Xinyue Wang,51010720
Xu Wentao,50698375
Yalov Timofey,108790425
Yamaya Shun,6699292
Yan Jason,2152540634
Yang Kai-Cheng,2112325
Yang Longqi,144265082
Yang Vicky Chuqiao,49950751
Yang Vivian,144381047
Yang Yunkang,2116588437
Yap Jin,15183601
Yin Yian,2173159409
Yoon Jisung,92254352
Youn Hyejin,1783512
Yu Renzhe,50846470
Yu Yulin,90469812
Yundi Zhang,82781955
Zagheni Emilio,2140221
Zannettou Savvas,3447293
Zemel Richard,1804104
Zeng Helen,1470825038
Zhang Sam,72655306
Zhang Shuang,2140178622
Zhang Wei,2155469401
Zhao Chuqing,1697866594
Zhao Xinyi,50062244
Zheng Sylvan,2200712658
Zhong Qiankun,35466212
Zhou Alvin,2048868599
Zhuchkova Svetlana,14289980
Zhunis Assem,2106505094
Zia Leila,2538277
Ziegler John,2064963607
Özbilen Alper,2079246426
Özdemir Suat,1836327
Özkalay Ahmed Furkan,1379954385
Yun Hong,50569517
Catalin Voss,21701693
Graham Todd,97811765
Kristen Bell,2058442807
Nick McKeown,1708241
Jaime Pérez,121436544
Mario Castro,2093264730
Gregorio López,134016852
Nereida Bueno-Guerra,No Search Result
María Reneses Botija,121457407
María Riberas-Gutiérrez,No Search Result
Aarón Gómez-Dorado,No Search Result
Leah Keating,48669182
David O'Sullivan,2133864611
Szilvia Zörgő,15585676
Rik Crutzen,118883002
Andrew Ruis,2134612710
David Shaffer,1966121
Gonzalo Castañeda,52555384
Zhi Hong,116717307
J. Gregory Pauloski,51916788
Aswathy Ajith,144373088
Eamon Duede,146484821
Kyle Chard,3091414
Ian Foster,2065945011
Nathan Teblunthuis,9486542
Veniamin Veselovsky,93258626
Rachel Kim,13731909
Nicholas Gabriel,121182564
David Broniatowski,3119101
Bernardo Garcia Bulle Bueno,2158671041
Yiting Shen,49746314
Ian Stewart,144925592
Rada Mihalcea,145557251
Hao Cui,2117803734
Yulin Yu,90469812
Donghyun Kang,89816415
Jalees Rehman,49661904
Robert Danziger,91720876
Yuliia Kazmina,2161294293
Eelke Heemskerk,40432558
Marlene Kofﬁ,No Search Result
Matt Marx,2061490342
Yinqing Hua,No Search Result
Thomas Ristenpart,1707461
Shahan Ali Memon,20609745
Jeffrey Lockhart,2419992
Molly King,83160718
Christin Munsch,13147707
Kunihiro Miyazaki,2144069586
Takayuki Uchiba,88093709
Bruce Kogut,2080305178
Kriste Krstovski,2872916
Angela Ryu,81864769
Zeyu Lyu,2112547575
Vicenç Gómez,145810673
Francesco Sobbrio,51460524
Hannah Metzler,2072307744
Hubert Baginski,2074660291
Thomas Niederkrotenthaler,47464687
Giuseppe Russo,2057794460
Christoph Gote,3327783
Sophia Johanna Schlosser,No Search Result
Laurence Brandenberger,41096303
Karim Lakhani,2066175677
Samar Haider,40429233
Bryan Li,2112208843
Benjamin Mako Hill,2053717613
Takahiro Yabe,80100787
Buddhika Nettasinghe,30113760
Nazanin Alipourfard,10007732
Vikram Krishnamurthy,31646751
Tuong Manh Vu,48859017
Omar A. Guerrero,145972803
Rod Abhari,2158120756
Nicholas Vincent,2065694689
Marlene Lutz,2159268668
Tobias Schumacher,2133142176
Sandipan Sikdar,2632448
Pedro Ramaciotti Morales,2068180895
Manon Berriche,78155360
Jean-Philippe Cointet,No Search Result
Lakshminarayanan Subramanian,2115146441
Hyunsik Kong,2017802064
Samuel Martin-Gutierrez,No Search Result
Teresa Woodruff,3048835
Ericka Menchen-Trevino,No Search Result
Thomas Struett,148244329
Magdalena Wojcieszak,2496439
Katie Spoon,1654096307
Nicholas LaBerge,2030915545
Allison C. Morgan,2056379567
K. Hunter Wapman,2654157
Daniel B. Larremore,2900564
Xinyi Zhao,50062244
Johannes Happenhofer,No Search Result
Sumeet Agarwal,47208444
Max Falkenberg,38720282
Alessandro Galeazzi,2064000676
Maddalena Torricelli,1400580680
Niccolo di Marco,2112655298
Francesca Larosa,2024386537
Madalina Sas,2049085100
Amin Mekacher,152469341
Warren Pearce,49302591
Fabiana Zollo,1431758627
Walter Quattrociocchi,1728390
Likun Cao,2148825816
Ziwen Chen,100742194
Qingtao Cao,9165932
Melody Sepahpour-Fard,No Search Result
Michael Quayle,145657857
Maria Schuld,3048564
Y. Jasmine Wu,2145897001
Brennan Antone,137016112
Leslie Dechurch,2820282
Noshir Contractor,67128030
Moena Hashimoto,No Search Result
Yotaro Takazawa,51137910
Juanjuan Zhang,9374227
Yuhan Zhang,49835947
William Marks,96960553
Trisha Prabhu,145850891
Jonathan Zittrain,46714697
Zixi Chen,115023787
Bodong Chen,101177148
Brooke Bell,103810565
Brooke Bellgarcia Bulle-Bueno,No Search Result
Yan Cui,34755309
John P. Wilson,2115848844
Jaren Haber,122373940
Lisa Singh,145976303
Josh Pasek,47360180
Meena Balan,2146111578
Ryan Callahan,48974998
Rob Churchill,134629274
Brandon Herren,2146111146
Kornraphop Kawintiranon,147224104
Aj Alvero,1469416371
Panni Vancsó,No Search Result
Krisztián Boros,No Search Result
Bernardo García Bulle Bueno,No Search Result
Aurélie Nardy,2077108278
Zehua Li,69523404
Verónica Peréz-Rosas,No Search Result
Leopele Raabe,102619180
Pablo Flores,27504578
Reid McIlroy-Young,No Search Result
Solon Barocas,2881033
Yuanmo He,2205400587
Shengjia Zhao,3303970
Katherine O'Toole,1401009276
Mahnaz Roshanaei,3284588
Sumer Vaid,123711860
Andrea Leigh Courtney,No Search Result
Serena Jimyn Soh,No Search Result
Jamil Zaki,2268731
Gabriella Harari,49051967
Flöck,46723078
Devin Gaffney,34366081
Mattia Samory,3071381
Ali Zeynali,50392063
Fabian,113725204
Hasan Alp Boz,1753351345
Aaron Nichols,40660930
Nina Mazar,4191354
Michael Inzlicht,4565742
Rohan Joseph,2069129620
Sunny Rai,2773814
Prakruti Singh Thakur,2175481298
Abdul Khaliq Mohammed,123929135
Márcio Ribeiro,144169118
Indira Sen,2113780702
Fedor Dokshin,2250628
Mircea Gherghina,150211382
Kristina Gligorić,41020250
Arnaud Chiolero,2019597
Emre Kıcıman,3528206
Ryen White,34286525
Almog Simchon,5526046
Adam Sutton,40162681
Matthew Edwards,19860926
Stephan Lewandowsky,2573193
Jinseo Park,2116754052
Jinhyuk Yun,95763921
Woo-Sung Jung,2095057182
Simon Hudon,3321037
Mario Klingemann,No Search Result
Agustín Jamardo Chenlo,No Search Result
A.K.M. Skarpelis,107781573
Orsolya Vásárhelyi,80536505
Gergely Röst,103496041
Christine Vega-Pourheydarian,No Search Result
Cassandra Overney,115250823
Pascal Van Hentenryck,72488634
Shunyuan Zhang,101438159
Matthew Wigginton Bhagat-Conway,No Search Result
Allegra Beal Cohen,8081802
Rebecca Williams,47261321
Maria Alexeeva,2097247543
Michael Schultz,48567162
Emma Fraxanet,No Search Result
Petter Holme,145864135
Yongren Shi,8064527
Kevin Kiley,112853647
Stephanie DiPietro,116384524
Gabriela Juncosa,No Search Result
Gerado Iñiguez,No Search Result
Zening Duan,2150461823
Yicheng Hu,2028080748
Sijia Yang,2108974840
Sina Sajjadi,119679533
Pourya Toranj Simin,29778474
Mehrzad Shadmangohar,2164381413
Basak Taraktas,119510152
Ulya Bayram,2999718
Maria V. Ruiz-Blondet,No Search Result
Yuhan Li,14976152
Xu Xu,32083762
Yiqing Xu,49083955
Lisette Espin Noboa,2957808
Unchitta Kan,2144709491
Jericho McLeod,2122994698
Eduardo Lopez,116035230
Patrick Heck,1398087797
Michelle N. Meyer,2113593126
Christopher F. Chabris,1950933
Daniel G. Goldstein,2463533
Jake M. Hofman,40368603
Camelia Oprea,71091813
Harshit Aneja,116783772
Sriram Elango,2072895525
Anna di Natale,7933719
Carolina Coimbra Vieira,122273024
Sophie Lohmann,2067374281
Sayash Kapoor,39893263
Priyanka Nanayakkara,2029237287
Andrew Gelman,50004166
Arvind Narayanan,47735253
Daniel M Romero,144463004
Weiyu Zhang,46817659
Huazhi Qin,2013837294
Moumena Chaqfeh,2342421
Rohail Asim,2157646582
Muhammad Fareed Zaffar,3409533
Yasir Zaki,1749350
Fengyuan Liu,2100661535
Matteo Chiesa,49753670
Ollin Langle,1413865390
Omer Faruk Metin,1750513937
Pedro Ramaciotti Morales Online,No Search Result
Emily Hu,37956925
Hyunuk Kim,2109540405
Chris Proctor,1490673516
Ronan McCarthy,32803572
Dylan Walker,2116411039
Jonathan Külz,1580233176
Andreas Spitz,113823194
Ahmad Abu-Akel,No Search Result
Stephan Günnemann,2067187190
Moh Hosseinioun,No Search Result
Frank Neffke,143660006
Isabelle Augenstein,2085960305
Jamell Dacon,1380259269
Haochen Liu,2143856754
Jiliang Tang,1736632
Trisevgeni Papakonstantinou,2092459647
Nichola Raihani,5050498
Julian Berger,153020197
Mehdi Moussaid,32080896
Stefan Herzog,3140193
Ralph Hertwig,2056126776
Ralf Kurvers,5406336
Kushan Dasgupta,14298282
Nicole Iturriaga,118955679
Aaron Panofsky,2177030
Alexi Quintana Mathé,146126830
Zhen Guo,2109324061
Stefan McCabe,70996209
Jon Green,2113480870
Hause Lin,8719470
Vicente Balmaseda,No Search Result
Ana Leticia Urbistondo,No Search Result
Stephany Rajeh,2157973730
Marinette Savonnet,122388167
Hocine Cheriﬁ,No Search Result
Joshua Anderson,2110843977
Zeynep Koc,103237906
Yunus Emre Tapan,2006328457
Keeley Erhardt,32529760
Hope Schroeder,2052409375
Shayne Longpre,29909347
Arti Thakur,1666175917
Angelita Repetto,153914760
William Weisman,94996379
Tom Murray,1840460890
Vejune Zemaityte,51040890
Andres Karjus,50994722
Ulrike Rohn,102652499
Indrek Ibrus,2710595
Maximilian Schich,2143922
Artem Kuriksha,72521443
Katia Nakamura,121856312
Dikshya Devkota,2042230041
Daniel Miller,2115906559
Dilrukshi Gamage,2046734
Syama Gopan,No Search Result
Christopher M. Graziul,No Search Result
Senling Shu,No Search Result
Ajay Sailopal,2079444916
Wenchao Dong,144968879
Bryan Wong,46645607
Hasnain Irshad Bhatti,2149322592
Lanu Kim,2143096639
Anish Kanabar,5229395
Chris Graziul,5983178
Rachel de Jong,1707735656
Mark van der Loo,10175429
Attila Gulyás,30541907
Nick Hagar,90224690
Nicholas Diakopoulos,79074999
Kathryn Cramer,34184671
Daniel Valdenegro,120960393
Serge Sharoff,2506104
Souad Boumechaal,2105053502
Jose Sosa,122259878
Martin Bekker,2105936668
Eszter Hargittai,1779187
Matija Franklin,27903570
Tianshu Chen,9162512
David Lagnado,1953585
Wan-Ying Chang,153604644
Christina Freyman,46479623
Hal Ashton,2007652935
Kristen M. Altenburger,46713318
Cole Polychronis,No Search Result
Marina Kogan,2069764246
Ksenia Mukhina,32174870
Joseph Gendreau,2138469686
Grant Koziol,No Search Result
Maurice Pitesky,11841896
Mikaela Irene Fudolig,51243417
Chris Danforth,48990083
Carolina Mattsson,144208030
Yifei Wang,47235428
Xiaoheng Xia,12078920
Drew Margolin,30682542
Jürgen Jost,145661154
Thierry Poibeau,2067211723
Loris Millet,No Search Result
Jean-Michel Dalle,2100329
Cody Moser,89651121
Tristan J.B. Cann,No Search Result
Iain S. Weaver,2713326
Hywel T. P. Williams,46696707
Catherine Feldman,103943506
Valdemar Danry,1741894876
Pat Pataranutaporn,24637418
Pattie Maes,102987809
Mahasweta Chakraborti,1409495734
Beril Bulat,1506167488
Tim Sainburg,51131893
Pablo Geraldo,2067470532
Song Jiang,2125174484
Yizhou Sun,1659402394
Jacob Foster,50650691
Laroyce Covington,No Search Result
Xianglong Li,9246948
Amel Awadelkarim,104032080
Irene Lo,4832079
Itai Ashlagi,1717971
Russell Wang,66577908
Ying Kiat Tan,1945857296
Junzhe Tang,1572367260
Zhiyong Huang,30911563
Tsuhan Chen,2157542480
Ágnes Horvát,1776482
Lisa Oswald,38595630
Sadamori Kojaku,1581613599
Xiaoran Yan,2117852410
Filipi N. Silva,145827334
Vincent Larivière,1784327
Sungkyu Park,71537966
Sang Won Lee,102947350
Hyojin Chin,32721006
Mir Majid Molaie,113982476
Mikihito Tanaka,2110038234
Jiaxin Pei,51136528
Kelsey Edmond,No Search Result
Kevin Knifﬁn,No Search Result
Andrew S. Hanks,4305745
Xuechao Qian,2000390324
Bo Wang,2188437182
Bruce Weinberg,34963862
Richard Mann,144637374
Jaehong Kim,2091345722
Chaeyoon Jeong,145463007
Mooyeol Oh,2198690425
MinJung Park,2149271676
Wonjae Lee,2148960830
Ryan Langendorf,89409495
Matthew Burgess,21372385
Clemm,118668652
Xudong Yu,39960048
Hadi Askari,2174072293
Anshuman Chhabra,10698930
Bernhard,48328453
Zubair Shaﬁq,No Search Result
Kowe Kadoma,2175998013
Serina Chang,22369664
Damir Vrabac,2174182510
Jure Leskovec,1702139
Betul Ozturan,No Search Result
Amber Chin,1399327002
Jisu Kim,66520594
Dilva Maupou,No Search Result
Shouji Fujimoto,1906965
Atushi Ishikawa,2064384852
Daniele Fadda,91291053
Michela Natilli,2103887676
Salvatore Rinzivillo,2120595
Yee Man Margaret Ng,2129556462
Harsh Taneja,2519299
Zahra Ghadiri,102413964
Afra Mashhadi,1743965
Fakhteh Ghanbarnejad,49392704
Pascal Jollivet,2534096
Matthew Turner,143775491
Lu Xian,2143486659
Hannah Rose Kirk,90729626
Bertie Vidgen,2737827
Paul Röttger,2078684910
Tristan Thrush,1500242049
Marc Maier,2056954176
Alessandro Gambetti,40023024
Qiwei Han,40008522
Matt Groh,No Search Result
Aruna Sankaranarayanan,2063992731
Rosalind Picard,2134112430
Lana El Sanyoura,2047736624
Juan C. Losada,49288815
Rosa M. Benito,2066138093
Sohyeon Hwang,2148382149
Bruce Dore,38689255
Salome Aguilar,2135718769
Julia Barnett,152189805
Daniela Delgado Ramos,146538747
Juan Salamanca,153259580
Morteza Maleki,49238773
Monica Menendez,2073803619
Jose Balsa-Barreiro,No Search Result
Saurabh Khanna,3052078
Catherine Sotirakou,3409728
Costas Mourlas,1692048
Lara Yang,1409993413
Moritz Laurer,2076481176
Andreu Casas Salleras,2191358344
Christine Cuskley,3350791
Jack Lipei Tang,151479099
Dipto Das,2000234281
Akit Kumar,2155325679
Louis Shekhtman,153499679
Alexander Gates,6959152
Albert-Laszlo Barabasi,No Search Result
Sachita Nishal,2159201633
Luís A. Nunes Amaral,153332148
Michelle Bak,2067646462
Jessie Chin,49283010
Chungyi Chiu,82749623
Fatemeh Zarei,2143760992
Luis E C Rocha,2056618234
Jan Ryckebusch,3369432
Laura W. Dozal,2092113689
Stephen Davies,2069454692
Veronica Cagle,No Search Result
Thomas Davies,40280146
Alexis Kochanski,No Search Result
Craig Evans,145464758
Ihsan Kahveci,116408055
Bao Tran Truong,32058851
Oliver Melbourne Allen,2145509098
Seolmin Yang,123362903
Ibarra,8619604
Masi Noor,2119013926
Emilio Paolo Visintin,5147557
Fanny Lalot,3858040
Mario Sainz,51031248
Michal Bilewicz,1422566592
Lydia Hayward,1833975
Simone Sebben,74074860
Johannes Ullrich,2054096605
Hema Preya Selvanathan,116839134
Tabea Haessler,No Search Result
Kai-Cheng Yang,2112325
Brea Perry,1925177
Matthew DeVerna,2047039029
John Bryden,144610360
Soazic Elise Wang Sonne,84734877
Sasha Nanda,41223501
Stefan Sarkadi,51055720
Hong Qu,5535132
Min Gong,2052304339
Jiatong Li,1687117137
Yutao Chen,47559215
Gabriella Szabó,2025330120
Emese K. Molnár,2128519365
Árpád Knap,2146758061
Justin Cheng,30914446
Wentao Xu,50698375
Do Lee,2157268624
Boris Sobol,102154974
Manuel Tonneau,2159207178
Ting-Wei Chiang,No Search Result
Yujie Shao,1444609751
Emma Pierson,34207665
Alejandro Hermida Carrillo,40586317
Maria del Rio Chanona,1741842028
Renáta Topinková,1394748715
Luning Sun,2144070256
Ljubica Nedelkoska,98062083
Piyush Ghasiya,1396047918
Ludovico Napoli,2069927687
Manuel Garcia Herranz,2065714696
Mitsuo Yoshida,2107829101
Takeshi Sakaki,3091472
Tetsuro Kobayashi,2151706224
Valentina Semenova,123160525
Julian Winkler,97542225
Zhaodi Chen,73280721
Andy Zhao,145778487
Hunter Priniski,144915407
Isabel Constantino,90127209
Radim Hladík,51029387
Yann Renisio,2098651645
Diyi Liu,103682797
Taiki Mito,1486368752
Takahiro Miura,151234663
Kimitaka Asatani,3027729
Ichiro Sakata,2065413366
Zsóﬁa Rakovics,No Search Result
Márton Rakovics,2098519778
Esteban Villa-Turek,No Search Result
Hernan David Insuasti-Ceballos,No Search Result
Jairo Andres Ruiz-Saenz,No Search Result
Jacobo Campo-Robledo,No Search Result
Tre Tomaszewski,1857781148
Alireza Javadian Sabet,2131876967
Sarah H. Bana,96472129
Morgan R. Frank,2327052
Germán Rosati,90910716
Adriana Chazarreta,2078436015
Laia Domenech Burin,No Search Result
Tomás Maguire,2138493429
Abhimanyu Dubey,2479521
Becky P.Y. Loo,34387630
Luca Flóra Drucker,122221063
Dániel Horn,2069080049
Hubert János Kiss,88147391
Flóra Samu,118810227
Pushkal Agarwal,20735912
Aravindh Raman,37594946
Damilola Ibosiola,41017741
Nishanth Sastry,150303608
Gareth Tyson,148197248
Tamas Tofalvy,2267955
Abraham Oshotse,2141368238
Yi Ting Chen,2109060574
Sabine Brunswicker,3292834
Jia Lin Cheoh,114707276
Jacob Sherson,2156525449
Nick Cheney,1513091220
Juho Pääkkönen,46255424
Matti Nelimarkka,150247318
Samuli Reijula,32486259
Alejandro Pérez Velilla,1582038621
Dawei Wang,2111269524
Qinghua Li,2146067527
Giulio Burgio,2060595827
Jacques Bara,2059577625
Franziska Franeck,89247426
Yasaman Asgari,No Search Result
Paul Bouman,72630375
Matteo Mazzamurro,1646745975
Liubov Tupikina,4922715
Izabel Aguiar,88045195
Attila Varga,145381363
Michael Bailey,2069435554
Drew Johnston,47359812
Martin Koenen,80403855
Theresa Kuchler,79403023
Dominic Russel,1613021510
Johannes Stroebel,51486091
Hubert Au,1509419121
Burak Ozturan,11807072
Saban Kardas,113227511
Mucahid Kutlu,38330039
Marko Tesic,46193598
Kirsty Phillips,1420066970
Sadamori Koujaku,1686909
Yong Yeol Ahn,2141619620
Oh-Hyun Kwon,153372901
Damin Lee,94063412
Inho Hong,37879285
Sid Ahmed Benabderrahmane,2025885991
Seonghoon Kim,2109604099
Kiran Lakkaraju,1808382
Asmeret Naugle,2990836
Matthew Sweitzer,115904450
Stephen Wiryanidata,No Search Result
Grifﬁn Lehrer,No Search Result
Ziyang Huang,51450036
Amit Goldenberg,40484649
Rachith Aiyappa,2177337825
Simon Chauchard,103435864
Di Wang,1699601279
Orestes P. Hastings,12000165
Luca Maria Pesando,71199251
Nak Won Rim,2074453526
Marc G. Berman,3130159
Yuan Chang Leong,4937157
Kayla De la Haye,8912718
"Abigail Horn,",3937517
